"Station","Species","Count"
"ml1001","muntjac",3
"ml1003","muntjac",5
"ml1005","muntjac",1
"ml1006","muntjac",0
"ml1007","muntjac",4
"ml1008","muntjac",9
"ml1009","muntjac",22
"ml1011","muntjac",21
"ml1012","muntjac",27
"ml1013","muntjac",1
"ml1014","muntjac",6
"ml1015","muntjac",3
"ml1016","muntjac",1
"ml1017","muntjac",3
"ml1018","muntjac",10
"ml1019","muntjac",6
"ml1020","muntjac",3
"ml1021","muntjac",0
"ml1022","muntjac",1
"ml1023","muntjac",1
"ml1024","muntjac",0
"ml1025","muntjac",1
"ml1026","muntjac",0
"ml1027","muntjac",1
"ml1028","muntjac",1
"ml2001","muntjac",9
"ml2002","muntjac",1
"ml2003","muntjac",3
"ml2004","muntjac",8
"ml2005","muntjac",1
"ml2006","muntjac",1
"ml2007","muntjac",0
"ml3001","muntjac",5
"ml3003","muntjac",7
"ml3004","muntjac",23
"ml3006","muntjac",7
"mg1001","muntjac",0
"mg1002","muntjac",0
"mg1003","muntjac",0
"mg1004","muntjac",0
"mg1005","muntjac",0
"mg1006","muntjac",0
"mg2001","muntjac",0
"mg2002","muntjac",0
"mg2003","muntjac",0
"mg2004","muntjac",0
"mg2005","muntjac",0
"mg2006","muntjac",0
"mg2007","muntjac",0
"lsl1001","muntjac",0
"lsl1004","muntjac",0
"lsl1005","muntjac",0
"lsl1006","muntjac",0
"lsl2001","muntjac",0
"lsl2002","muntjac",0
"lsl2003","muntjac",0
"lsl2004","muntjac",0
"lsl2005","muntjac",0
"lsl2006","muntjac",0
"bls1001","muntjac",0
"bls1002","muntjac",5
"bls1003","muntjac",0
"bls1004","muntjac",3
"bls1005","muntjac",3
"bls2001","muntjac",1
"bls2002","muntjac",0
"bls2003","muntjac",5
"bls2004","muntjac",1
"bls2005","muntjac",14
"bls2006","muntjac",7
"bls2008","muntjac",0
"bls3001","muntjac",3
"bls3004","muntjac",0
"bls3005","muntjac",0
"bls3006","muntjac",0
"bls3007","muntjac",0
"bls3008","muntjac",0
"bls3009","muntjac",0
"bls3010","muntjac",0
"bls6001","muntjac",4
"bls6002","muntjac",0
"bls6004","muntjac",0
"bls7001","muntjac",5
"bls7003","muntjac",5
"ms4001","muntjac",0
"ms4002","muntjac",3
"ms4003","muntjac",2
"ms4004","muntjac",0
"ms4005","muntjac",0
"ms4006","muntjac",9
"ms5001","muntjac",1
"ms5002","muntjac",7
"ms5004","muntjac",3
"nbh1001","muntjac",0
"nbh1004","muntjac",2
"nbh1005","muntjac",0
"nbh1007","muntjac",1
"nbh1009","muntjac",7
"nbh1012","muntjac",5
"nbh1013","muntjac",0
"nbh2004","muntjac",4
"nbh2007","muntjac",8
"nbh2008","muntjac",51
"nbh2010","muntjac",7
"nbh3005","muntjac",12
"nbh4001","muntjac",4
"nbh4002","muntjac",0
"nbh4003","muntjac",0
"nbh4006","muntjac",11
"nbh4010","muntjac",36
"nbh4011","muntjac",0
"nbh5001","muntjac",6
"nbh5002","muntjac",5
"nbh5003","muntjac",8
"nbh5005","muntjac",6
"ml1001","weasel",0
"ml1003","weasel",0
"ml1005","weasel",0
"ml1006","weasel",0
"ml1007","weasel",0
"ml1008","weasel",0
"ml1009","weasel",0
"ml1011","weasel",0
"ml1012","weasel",0
"ml1013","weasel",0
"ml1014","weasel",0
"ml1015","weasel",0
"ml1016","weasel",0
"ml1017","weasel",0
"ml1018","weasel",0
"ml1019","weasel",0
"ml1020","weasel",0
"ml1021","weasel",0
"ml1022","weasel",0
"ml1023","weasel",0
"ml1024","weasel",0
"ml1025","weasel",0
"ml1026","weasel",0
"ml1027","weasel",0
"ml1028","weasel",0
"ml2001","weasel",0
"ml2002","weasel",0
"ml2003","weasel",0
"ml2004","weasel",0
"ml2005","weasel",0
"ml2006","weasel",0
"ml2007","weasel",0
"ml3001","weasel",0
"ml3003","weasel",0
"ml3004","weasel",0
"ml3006","weasel",0
"mg1001","weasel",0
"mg1002","weasel",0
"mg1003","weasel",0
"mg1004","weasel",0
"mg1005","weasel",0
"mg1006","weasel",0
"mg2001","weasel",0
"mg2002","weasel",0
"mg2003","weasel",0
"mg2004","weasel",0
"mg2005","weasel",0
"mg2006","weasel",0
"mg2007","weasel",0
"lsl1001","weasel",0
"lsl1004","weasel",0
"lsl1005","weasel",0
"lsl1006","weasel",0
"lsl2001","weasel",0
"lsl2002","weasel",0
"lsl2003","weasel",0
"lsl2004","weasel",0
"lsl2005","weasel",0
"lsl2006","weasel",0
"bls1001","weasel",0
"bls1002","weasel",0
"bls1003","weasel",0
"bls1004","weasel",0
"bls1005","weasel",1
"bls2001","weasel",0
"bls2002","weasel",0
"bls2003","weasel",0
"bls2004","weasel",0
"bls2005","weasel",0
"bls2006","weasel",4
"bls2008","weasel",0
"bls3001","weasel",0
"bls3004","weasel",0
"bls3005","weasel",0
"bls3006","weasel",0
"bls3007","weasel",0
"bls3008","weasel",0
"bls3009","weasel",0
"bls3010","weasel",0
"bls6001","weasel",0
"bls6002","weasel",0
"bls6004","weasel",0
"bls7001","weasel",0
"bls7003","weasel",0
"ms4001","weasel",0
"ms4002","weasel",0
"ms4003","weasel",0
"ms4004","weasel",0
"ms4005","weasel",0
"ms4006","weasel",0
"ms5001","weasel",0
"ms5002","weasel",0
"ms5004","weasel",0
"nbh1001","weasel",0
"nbh1004","weasel",0
"nbh1005","weasel",0
"nbh1007","weasel",0
"nbh1009","weasel",0
"nbh1012","weasel",0
"nbh1013","weasel",0
"nbh2004","weasel",0
"nbh2007","weasel",0
"nbh2008","weasel",0
"nbh2010","weasel",0
"nbh3005","weasel",0
"nbh4001","weasel",0
"nbh4002","weasel",0
"nbh4003","weasel",0
"nbh4006","weasel",0
"nbh4010","weasel",0
"nbh4011","weasel",0
"nbh5001","weasel",0
"nbh5002","weasel",0
"nbh5003","weasel",0
"nbh5005","weasel",0
"ml1001","wildboar",2
"ml1003","wildboar",4
"ml1005","wildboar",3
"ml1006","wildboar",29
"ml1007","wildboar",15
"ml1008","wildboar",2
"ml1009","wildboar",7
"ml1011","wildboar",34
"ml1012","wildboar",13
"ml1013","wildboar",0
"ml1014","wildboar",5
"ml1015","wildboar",12
"ml1016","wildboar",1
"ml1017","wildboar",15
"ml1018","wildboar",13
"ml1019","wildboar",26
"ml1020","wildboar",8
"ml1021","wildboar",1
"ml1022","wildboar",0
"ml1023","wildboar",8
"ml1024","wildboar",1
"ml1025","wildboar",0
"ml1026","wildboar",0
"ml1027","wildboar",2
"ml1028","wildboar",3
"ml2001","wildboar",0
"ml2002","wildboar",1
"ml2003","wildboar",8
"ml2004","wildboar",0
"ml2005","wildboar",0
"ml2006","wildboar",4
"ml2007","wildboar",0
"ml3001","wildboar",29
"ml3003","wildboar",7
"ml3004","wildboar",5
"ml3006","wildboar",1
"mg1001","wildboar",0
"mg1002","wildboar",0
"mg1003","wildboar",0
"mg1004","wildboar",0
"mg1005","wildboar",0
"mg1006","wildboar",0
"mg2001","wildboar",0
"mg2002","wildboar",0
"mg2003","wildboar",0
"mg2004","wildboar",0
"mg2005","wildboar",0
"mg2006","wildboar",0
"mg2007","wildboar",0
"lsl1001","wildboar",0
"lsl1004","wildboar",0
"lsl1005","wildboar",0
"lsl1006","wildboar",0
"lsl2001","wildboar",0
"lsl2002","wildboar",0
"lsl2003","wildboar",0
"lsl2004","wildboar",0
"lsl2005","wildboar",0
"lsl2006","wildboar",0
"bls1001","wildboar",0
"bls1002","wildboar",0
"bls1003","wildboar",0
"bls1004","wildboar",0
"bls1005","wildboar",6
"bls2001","wildboar",1
"bls2002","wildboar",1
"bls2003","wildboar",1
"bls2004","wildboar",11
"bls2005","wildboar",2
"bls2006","wildboar",7
"bls2008","wildboar",0
"bls3001","wildboar",1
"bls3004","wildboar",4
"bls3005","wildboar",1
"bls3006","wildboar",5
"bls3007","wildboar",0
"bls3008","wildboar",0
"bls3009","wildboar",0
"bls3010","wildboar",3
"bls6001","wildboar",3
"bls6002","wildboar",0
"bls6004","wildboar",14
"bls7001","wildboar",5
"bls7003","wildboar",2
"ms4001","wildboar",1
"ms4002","wildboar",2
"ms4003","wildboar",0
"ms4004","wildboar",0
"ms4005","wildboar",1
"ms4006","wildboar",0
"ms5001","wildboar",0
"ms5002","wildboar",0
"ms5004","wildboar",2
"nbh1001","wildboar",2
"nbh1004","wildboar",10
"nbh1005","wildboar",4
"nbh1007","wildboar",6
"nbh1009","wildboar",7
"nbh1012","wildboar",12
"nbh1013","wildboar",0
"nbh2004","wildboar",8
"nbh2007","wildboar",14
"nbh2008","wildboar",18
"nbh2010","wildboar",6
"nbh3005","wildboar",3
"nbh4001","wildboar",1
"nbh4002","wildboar",0
"nbh4003","wildboar",6
"nbh4006","wildboar",5
"nbh4010","wildboar",5
"nbh4011","wildboar",1
"nbh5001","wildboar",0
"nbh5002","wildboar",1
"nbh5003","wildboar",4
"nbh5005","wildboar",3
"ml1001","blackbear",0
"ml1003","blackbear",0
"ml1005","blackbear",0
"ml1006","blackbear",0
"ml1007","blackbear",0
"ml1008","blackbear",0
"ml1009","blackbear",0
"ml1011","blackbear",0
"ml1012","blackbear",0
"ml1013","blackbear",0
"ml1014","blackbear",0
"ml1015","blackbear",0
"ml1016","blackbear",0
"ml1017","blackbear",0
"ml1018","blackbear",0
"ml1019","blackbear",3
"ml1020","blackbear",0
"ml1021","blackbear",0
"ml1022","blackbear",0
"ml1023","blackbear",0
"ml1024","blackbear",1
"ml1025","blackbear",1
"ml1026","blackbear",0
"ml1027","blackbear",0
"ml1028","blackbear",0
"ml2001","blackbear",0
"ml2002","blackbear",0
"ml2003","blackbear",0
"ml2004","blackbear",0
"ml2005","blackbear",0
"ml2006","blackbear",0
"ml2007","blackbear",0
"ml3001","blackbear",0
"ml3003","blackbear",0
"ml3004","blackbear",0
"ml3006","blackbear",0
"mg1001","blackbear",0
"mg1002","blackbear",0
"mg1003","blackbear",0
"mg1004","blackbear",0
"mg1005","blackbear",0
"mg1006","blackbear",0
"mg2001","blackbear",0
"mg2002","blackbear",0
"mg2003","blackbear",0
"mg2004","blackbear",0
"mg2005","blackbear",0
"mg2006","blackbear",0
"mg2007","blackbear",0
"lsl1001","blackbear",0
"lsl1004","blackbear",0
"lsl1005","blackbear",0
"lsl1006","blackbear",0
"lsl2001","blackbear",0
"lsl2002","blackbear",0
"lsl2003","blackbear",0
"lsl2004","blackbear",0
"lsl2005","blackbear",0
"lsl2006","blackbear",0
"bls1001","blackbear",0
"bls1002","blackbear",0
"bls1003","blackbear",0
"bls1004","blackbear",0
"bls1005","blackbear",0
"bls2001","blackbear",1
"bls2002","blackbear",0
"bls2003","blackbear",0
"bls2004","blackbear",0
"bls2005","blackbear",0
"bls2006","blackbear",0
"bls2008","blackbear",0
"bls3001","blackbear",2
"bls3004","blackbear",0
"bls3005","blackbear",0
"bls3006","blackbear",0
"bls3007","blackbear",0
"bls3008","blackbear",0
"bls3009","blackbear",1
"bls3010","blackbear",0
"bls6001","blackbear",0
"bls6002","blackbear",0
"bls6004","blackbear",0
"bls7001","blackbear",1
"bls7003","blackbear",0
"ms4001","blackbear",1
"ms4002","blackbear",1
"ms4003","blackbear",0
"ms4004","blackbear",0
"ms4005","blackbear",0
"ms4006","blackbear",0
"ms5001","blackbear",0
"ms5002","blackbear",0
"ms5004","blackbear",0
"nbh1001","blackbear",0
"nbh1004","blackbear",0
"nbh1005","blackbear",0
"nbh1007","blackbear",0
"nbh1009","blackbear",0
"nbh1012","blackbear",0
"nbh1013","blackbear",0
"nbh2004","blackbear",0
"nbh2007","blackbear",0
"nbh2008","blackbear",0
"nbh2010","blackbear",0
"nbh3005","blackbear",0
"nbh4001","blackbear",0
"nbh4002","blackbear",0
"nbh4003","blackbear",0
"nbh4006","blackbear",0
"nbh4010","blackbear",0
"nbh4011","blackbear",0
"nbh5001","blackbear",0
"nbh5002","blackbear",0
"nbh5003","blackbear",0
"nbh5005","blackbear",0
"ml1001","commonpalmcivet",0
"ml1003","commonpalmcivet",0
"ml1005","commonpalmcivet",0
"ml1006","commonpalmcivet",1
"ml1007","commonpalmcivet",0
"ml1008","commonpalmcivet",0
"ml1009","commonpalmcivet",1
"ml1011","commonpalmcivet",1
"ml1012","commonpalmcivet",0
"ml1013","commonpalmcivet",9
"ml1014","commonpalmcivet",0
"ml1015","commonpalmcivet",2
"ml1016","commonpalmcivet",0
"ml1017","commonpalmcivet",0
"ml1018","commonpalmcivet",0
"ml1019","commonpalmcivet",0
"ml1020","commonpalmcivet",0
"ml1021","commonpalmcivet",2
"ml1022","commonpalmcivet",0
"ml1023","commonpalmcivet",2
"ml1024","commonpalmcivet",0
"ml1025","commonpalmcivet",0
"ml1026","commonpalmcivet",0
"ml1027","commonpalmcivet",0
"ml1028","commonpalmcivet",0
"ml2001","commonpalmcivet",0
"ml2002","commonpalmcivet",3
"ml2003","commonpalmcivet",0
"ml2004","commonpalmcivet",2
"ml2005","commonpalmcivet",0
"ml2006","commonpalmcivet",6
"ml2007","commonpalmcivet",0
"ml3001","commonpalmcivet",2
"ml3003","commonpalmcivet",7
"ml3004","commonpalmcivet",0
"ml3006","commonpalmcivet",0
"mg1001","commonpalmcivet",0
"mg1002","commonpalmcivet",0
"mg1003","commonpalmcivet",0
"mg1004","commonpalmcivet",0
"mg1005","commonpalmcivet",0
"mg1006","commonpalmcivet",0
"mg2001","commonpalmcivet",0
"mg2002","commonpalmcivet",0
"mg2003","commonpalmcivet",0
"mg2004","commonpalmcivet",0
"mg2005","commonpalmcivet",0
"mg2006","commonpalmcivet",0
"mg2007","commonpalmcivet",0
"lsl1001","commonpalmcivet",0
"lsl1004","commonpalmcivet",1
"lsl1005","commonpalmcivet",0
"lsl1006","commonpalmcivet",0
"lsl2001","commonpalmcivet",0
"lsl2002","commonpalmcivet",0
"lsl2003","commonpalmcivet",0
"lsl2004","commonpalmcivet",0
"lsl2005","commonpalmcivet",0
"lsl2006","commonpalmcivet",0
"bls1001","commonpalmcivet",0
"bls1002","commonpalmcivet",0
"bls1003","commonpalmcivet",0
"bls1004","commonpalmcivet",0
"bls1005","commonpalmcivet",0
"bls2001","commonpalmcivet",2
"bls2002","commonpalmcivet",3
"bls2003","commonpalmcivet",0
"bls2004","commonpalmcivet",2
"bls2005","commonpalmcivet",0
"bls2006","commonpalmcivet",2
"bls2008","commonpalmcivet",0
"bls3001","commonpalmcivet",0
"bls3004","commonpalmcivet",0
"bls3005","commonpalmcivet",0
"bls3006","commonpalmcivet",0
"bls3007","commonpalmcivet",2
"bls3008","commonpalmcivet",0
"bls3009","commonpalmcivet",0
"bls3010","commonpalmcivet",0
"bls6001","commonpalmcivet",0
"bls6002","commonpalmcivet",0
"bls6004","commonpalmcivet",0
"bls7001","commonpalmcivet",0
"bls7003","commonpalmcivet",0
"ms4001","commonpalmcivet",0
"ms4002","commonpalmcivet",4
"ms4003","commonpalmcivet",0
"ms4004","commonpalmcivet",0
"ms4005","commonpalmcivet",0
"ms4006","commonpalmcivet",1
"ms5001","commonpalmcivet",0
"ms5002","commonpalmcivet",0
"ms5004","commonpalmcivet",0
"nbh1001","commonpalmcivet",0
"nbh1004","commonpalmcivet",0
"nbh1005","commonpalmcivet",0
"nbh1007","commonpalmcivet",0
"nbh1009","commonpalmcivet",0
"nbh1012","commonpalmcivet",0
"nbh1013","commonpalmcivet",0
"nbh2004","commonpalmcivet",0
"nbh2007","commonpalmcivet",0
"nbh2008","commonpalmcivet",0
"nbh2010","commonpalmcivet",0
"nbh3005","commonpalmcivet",0
"nbh4001","commonpalmcivet",0
"nbh4002","commonpalmcivet",0
"nbh4003","commonpalmcivet",0
"nbh4006","commonpalmcivet",0
"nbh4010","commonpalmcivet",0
"nbh4011","commonpalmcivet",0
"nbh5001","commonpalmcivet",0
"nbh5002","commonpalmcivet",0
"nbh5003","commonpalmcivet",0
"nbh5005","commonpalmcivet",0
"ml1001","sambar",7
"ml1003","sambar",0
"ml1005","sambar",0
"ml1006","sambar",1
"ml1007","sambar",2
"ml1008","sambar",1
"ml1009","sambar",2
"ml1011","sambar",0
"ml1012","sambar",0
"ml1013","sambar",0
"ml1014","sambar",0
"ml1015","sambar",0
"ml1016","sambar",0
"ml1017","sambar",0
"ml1018","sambar",2
"ml1019","sambar",0
"ml1020","sambar",0
"ml1021","sambar",0
"ml1022","sambar",0
"ml1023","sambar",0
"ml1024","sambar",0
"ml1025","sambar",0
"ml1026","sambar",0
"ml1027","sambar",0
"ml1028","sambar",0
"ml2001","sambar",0
"ml2002","sambar",0
"ml2003","sambar",0
"ml2004","sambar",0
"ml2005","sambar",0
"ml2006","sambar",0
"ml2007","sambar",0
"ml3001","sambar",0
"ml3003","sambar",0
"ml3004","sambar",0
"ml3006","sambar",0
"mg1001","sambar",0
"mg1002","sambar",0
"mg1003","sambar",0
"mg1004","sambar",0
"mg1005","sambar",0
"mg1006","sambar",0
"mg2001","sambar",0
"mg2002","sambar",0
"mg2003","sambar",0
"mg2004","sambar",0
"mg2005","sambar",0
"mg2006","sambar",0
"mg2007","sambar",0
"lsl1001","sambar",0
"lsl1004","sambar",0
"lsl1005","sambar",0
"lsl1006","sambar",0
"lsl2001","sambar",0
"lsl2002","sambar",0
"lsl2003","sambar",0
"lsl2004","sambar",0
"lsl2005","sambar",0
"lsl2006","sambar",0
"bls1001","sambar",0
"bls1002","sambar",0
"bls1003","sambar",0
"bls1004","sambar",0
"bls1005","sambar",0
"bls2001","sambar",0
"bls2002","sambar",0
"bls2003","sambar",5
"bls2004","sambar",0
"bls2005","sambar",0
"bls2006","sambar",0
"bls2008","sambar",0
"bls3001","sambar",2
"bls3004","sambar",0
"bls3005","sambar",0
"bls3006","sambar",0
"bls3007","sambar",0
"bls3008","sambar",0
"bls3009","sambar",0
"bls3010","sambar",0
"bls6001","sambar",0
"bls6002","sambar",0
"bls6004","sambar",0
"bls7001","sambar",0
"bls7003","sambar",0
"ms4001","sambar",0
"ms4002","sambar",0
"ms4003","sambar",0
"ms4004","sambar",0
"ms4005","sambar",0
"ms4006","sambar",0
"ms5001","sambar",0
"ms5002","sambar",0
"ms5004","sambar",0
"nbh1001","sambar",6
"nbh1004","sambar",3
"nbh1005","sambar",10
"nbh1007","sambar",8
"nbh1009","sambar",3
"nbh1012","sambar",2
"nbh1013","sambar",0
"nbh2004","sambar",0
"nbh2007","sambar",7
"nbh2008","sambar",61
"nbh2010","sambar",2
"nbh3005","sambar",9
"nbh4001","sambar",1
"nbh4002","sambar",0
"nbh4003","sambar",0
"nbh4006","sambar",8
"nbh4010","sambar",4
"nbh4011","sambar",6
"nbh5001","sambar",0
"nbh5002","sambar",0
"nbh5003","sambar",6
"nbh5005","sambar",0
"ml1001","yellowthroatedmarten",0
"ml1003","yellowthroatedmarten",0
"ml1005","yellowthroatedmarten",0
"ml1006","yellowthroatedmarten",0
"ml1007","yellowthroatedmarten",0
"ml1008","yellowthroatedmarten",0
"ml1009","yellowthroatedmarten",0
"ml1011","yellowthroatedmarten",1
"ml1012","yellowthroatedmarten",0
"ml1013","yellowthroatedmarten",0
"ml1014","yellowthroatedmarten",0
"ml1015","yellowthroatedmarten",0
"ml1016","yellowthroatedmarten",0
"ml1017","yellowthroatedmarten",0
"ml1018","yellowthroatedmarten",0
"ml1019","yellowthroatedmarten",0
"ml1020","yellowthroatedmarten",0
"ml1021","yellowthroatedmarten",0
"ml1022","yellowthroatedmarten",0
"ml1023","yellowthroatedmarten",1
"ml1024","yellowthroatedmarten",0
"ml1025","yellowthroatedmarten",0
"ml1026","yellowthroatedmarten",0
"ml1027","yellowthroatedmarten",0
"ml1028","yellowthroatedmarten",0
"ml2001","yellowthroatedmarten",0
"ml2002","yellowthroatedmarten",0
"ml2003","yellowthroatedmarten",0
"ml2004","yellowthroatedmarten",0
"ml2005","yellowthroatedmarten",0
"ml2006","yellowthroatedmarten",0
"ml2007","yellowthroatedmarten",0
"ml3001","yellowthroatedmarten",0
"ml3003","yellowthroatedmarten",0
"ml3004","yellowthroatedmarten",0
"ml3006","yellowthroatedmarten",0
"mg1001","yellowthroatedmarten",0
"mg1002","yellowthroatedmarten",0
"mg1003","yellowthroatedmarten",0
"mg1004","yellowthroatedmarten",0
"mg1005","yellowthroatedmarten",0
"mg1006","yellowthroatedmarten",0
"mg2001","yellowthroatedmarten",0
"mg2002","yellowthroatedmarten",0
"mg2003","yellowthroatedmarten",0
"mg2004","yellowthroatedmarten",0
"mg2005","yellowthroatedmarten",0
"mg2006","yellowthroatedmarten",0
"mg2007","yellowthroatedmarten",0
"lsl1001","yellowthroatedmarten",0
"lsl1004","yellowthroatedmarten",0
"lsl1005","yellowthroatedmarten",0
"lsl1006","yellowthroatedmarten",0
"lsl2001","yellowthroatedmarten",0
"lsl2002","yellowthroatedmarten",0
"lsl2003","yellowthroatedmarten",0
"lsl2004","yellowthroatedmarten",0
"lsl2005","yellowthroatedmarten",0
"lsl2006","yellowthroatedmarten",0
"bls1001","yellowthroatedmarten",0
"bls1002","yellowthroatedmarten",0
"bls1003","yellowthroatedmarten",0
"bls1004","yellowthroatedmarten",0
"bls1005","yellowthroatedmarten",0
"bls2001","yellowthroatedmarten",0
"bls2002","yellowthroatedmarten",0
"bls2003","yellowthroatedmarten",4
"bls2004","yellowthroatedmarten",1
"bls2005","yellowthroatedmarten",1
"bls2006","yellowthroatedmarten",0
"bls2008","yellowthroatedmarten",0
"bls3001","yellowthroatedmarten",1
"bls3004","yellowthroatedmarten",0
"bls3005","yellowthroatedmarten",0
"bls3006","yellowthroatedmarten",0
"bls3007","yellowthroatedmarten",0
"bls3008","yellowthroatedmarten",1
"bls3009","yellowthroatedmarten",0
"bls3010","yellowthroatedmarten",0
"bls6001","yellowthroatedmarten",0
"bls6002","yellowthroatedmarten",0
"bls6004","yellowthroatedmarten",0
"bls7001","yellowthroatedmarten",0
"bls7003","yellowthroatedmarten",0
"ms4001","yellowthroatedmarten",0
"ms4002","yellowthroatedmarten",0
"ms4003","yellowthroatedmarten",0
"ms4004","yellowthroatedmarten",0
"ms4005","yellowthroatedmarten",0
"ms4006","yellowthroatedmarten",0
"ms5001","yellowthroatedmarten",0
"ms5002","yellowthroatedmarten",0
"ms5004","yellowthroatedmarten",0
"nbh1001","yellowthroatedmarten",0
"nbh1004","yellowthroatedmarten",0
"nbh1005","yellowthroatedmarten",0
"nbh1007","yellowthroatedmarten",0
"nbh1009","yellowthroatedmarten",0
"nbh1012","yellowthroatedmarten",0
"nbh1013","yellowthroatedmarten",0
"nbh2004","yellowthroatedmarten",0
"nbh2007","yellowthroatedmarten",0
"nbh2008","yellowthroatedmarten",0
"nbh2010","yellowthroatedmarten",0
"nbh3005","yellowthroatedmarten",0
"nbh4001","yellowthroatedmarten",0
"nbh4002","yellowthroatedmarten",0
"nbh4003","yellowthroatedmarten",0
"nbh4006","yellowthroatedmarten",0
"nbh4010","yellowthroatedmarten",1
"nbh4011","yellowthroatedmarten",0
"nbh5001","yellowthroatedmarten",0
"nbh5002","yellowthroatedmarten",0
"nbh5003","yellowthroatedmarten",0
"nbh5005","yellowthroatedmarten",0
"ml1001","brushtailedporcupine",0
"ml1003","brushtailedporcupine",0
"ml1005","brushtailedporcupine",0
"ml1006","brushtailedporcupine",0
"ml1007","brushtailedporcupine",0
"ml1008","brushtailedporcupine",0
"ml1009","brushtailedporcupine",0
"ml1011","brushtailedporcupine",0
"ml1012","brushtailedporcupine",0
"ml1013","brushtailedporcupine",0
"ml1014","brushtailedporcupine",0
"ml1015","brushtailedporcupine",0
"ml1016","brushtailedporcupine",0
"ml1017","brushtailedporcupine",0
"ml1018","brushtailedporcupine",0
"ml1019","brushtailedporcupine",0
"ml1020","brushtailedporcupine",0
"ml1021","brushtailedporcupine",0
"ml1022","brushtailedporcupine",0
"ml1023","brushtailedporcupine",0
"ml1024","brushtailedporcupine",0
"ml1025","brushtailedporcupine",0
"ml1026","brushtailedporcupine",0
"ml1027","brushtailedporcupine",0
"ml1028","brushtailedporcupine",0
"ml2001","brushtailedporcupine",0
"ml2002","brushtailedporcupine",0
"ml2003","brushtailedporcupine",0
"ml2004","brushtailedporcupine",0
"ml2005","brushtailedporcupine",0
"ml2006","brushtailedporcupine",0
"ml2007","brushtailedporcupine",0
"ml3001","brushtailedporcupine",0
"ml3003","brushtailedporcupine",0
"ml3004","brushtailedporcupine",0
"ml3006","brushtailedporcupine",0
"mg1001","brushtailedporcupine",0
"mg1002","brushtailedporcupine",0
"mg1003","brushtailedporcupine",0
"mg1004","brushtailedporcupine",0
"mg1005","brushtailedporcupine",0
"mg1006","brushtailedporcupine",0
"mg2001","brushtailedporcupine",0
"mg2002","brushtailedporcupine",0
"mg2003","brushtailedporcupine",0
"mg2004","brushtailedporcupine",0
"mg2005","brushtailedporcupine",0
"mg2006","brushtailedporcupine",0
"mg2007","brushtailedporcupine",0
"lsl1001","brushtailedporcupine",0
"lsl1004","brushtailedporcupine",0
"lsl1005","brushtailedporcupine",0
"lsl1006","brushtailedporcupine",2
"lsl2001","brushtailedporcupine",0
"lsl2002","brushtailedporcupine",1
"lsl2003","brushtailedporcupine",0
"lsl2004","brushtailedporcupine",0
"lsl2005","brushtailedporcupine",0
"lsl2006","brushtailedporcupine",0
"bls1001","brushtailedporcupine",0
"bls1002","brushtailedporcupine",0
"bls1003","brushtailedporcupine",0
"bls1004","brushtailedporcupine",0
"bls1005","brushtailedporcupine",0
"bls2001","brushtailedporcupine",0
"bls2002","brushtailedporcupine",0
"bls2003","brushtailedporcupine",0
"bls2004","brushtailedporcupine",0
"bls2005","brushtailedporcupine",2
"bls2006","brushtailedporcupine",0
"bls2008","brushtailedporcupine",0
"bls3001","brushtailedporcupine",0
"bls3004","brushtailedporcupine",0
"bls3005","brushtailedporcupine",0
"bls3006","brushtailedporcupine",0
"bls3007","brushtailedporcupine",0
"bls3008","brushtailedporcupine",0
"bls3009","brushtailedporcupine",0
"bls3010","brushtailedporcupine",0
"bls6001","brushtailedporcupine",0
"bls6002","brushtailedporcupine",0
"bls6004","brushtailedporcupine",0
"bls7001","brushtailedporcupine",0
"bls7003","brushtailedporcupine",0
"ms4001","brushtailedporcupine",0
"ms4002","brushtailedporcupine",0
"ms4003","brushtailedporcupine",0
"ms4004","brushtailedporcupine",0
"ms4005","brushtailedporcupine",0
"ms4006","brushtailedporcupine",0
"ms5001","brushtailedporcupine",0
"ms5002","brushtailedporcupine",0
"ms5004","brushtailedporcupine",0
"nbh1001","brushtailedporcupine",0
"nbh1004","brushtailedporcupine",0
"nbh1005","brushtailedporcupine",0
"nbh1007","brushtailedporcupine",0
"nbh1009","brushtailedporcupine",0
"nbh1012","brushtailedporcupine",0
"nbh1013","brushtailedporcupine",0
"nbh2004","brushtailedporcupine",0
"nbh2007","brushtailedporcupine",0
"nbh2008","brushtailedporcupine",0
"nbh2010","brushtailedporcupine",0
"nbh3005","brushtailedporcupine",0
"nbh4001","brushtailedporcupine",0
"nbh4002","brushtailedporcupine",0
"nbh4003","brushtailedporcupine",0
"nbh4006","brushtailedporcupine",0
"nbh4010","brushtailedporcupine",0
"nbh4011","brushtailedporcupine",0
"nbh5001","brushtailedporcupine",0
"nbh5002","brushtailedporcupine",0
"nbh5003","brushtailedporcupine",0
"nbh5005","brushtailedporcupine",0
"ml1001","maskedpalmcivet",0
"ml1003","maskedpalmcivet",0
"ml1005","maskedpalmcivet",0
"ml1006","maskedpalmcivet",1
"ml1007","maskedpalmcivet",0
"ml1008","maskedpalmcivet",0
"ml1009","maskedpalmcivet",0
"ml1011","maskedpalmcivet",0
"ml1012","maskedpalmcivet",0
"ml1013","maskedpalmcivet",0
"ml1014","maskedpalmcivet",0
"ml1015","maskedpalmcivet",0
"ml1016","maskedpalmcivet",0
"ml1017","maskedpalmcivet",0
"ml1018","maskedpalmcivet",0
"ml1019","maskedpalmcivet",1
"ml1020","maskedpalmcivet",0
"ml1021","maskedpalmcivet",0
"ml1022","maskedpalmcivet",0
"ml1023","maskedpalmcivet",0
"ml1024","maskedpalmcivet",1
"ml1025","maskedpalmcivet",0
"ml1026","maskedpalmcivet",0
"ml1027","maskedpalmcivet",0
"ml1028","maskedpalmcivet",0
"ml2001","maskedpalmcivet",0
"ml2002","maskedpalmcivet",0
"ml2003","maskedpalmcivet",0
"ml2004","maskedpalmcivet",0
"ml2005","maskedpalmcivet",0
"ml2006","maskedpalmcivet",0
"ml2007","maskedpalmcivet",1
"ml3001","maskedpalmcivet",0
"ml3003","maskedpalmcivet",1
"ml3004","maskedpalmcivet",0
"ml3006","maskedpalmcivet",0
"mg1001","maskedpalmcivet",0
"mg1002","maskedpalmcivet",0
"mg1003","maskedpalmcivet",0
"mg1004","maskedpalmcivet",0
"mg1005","maskedpalmcivet",0
"mg1006","maskedpalmcivet",2
"mg2001","maskedpalmcivet",1
"mg2002","maskedpalmcivet",0
"mg2003","maskedpalmcivet",1
"mg2004","maskedpalmcivet",0
"mg2005","maskedpalmcivet",0
"mg2006","maskedpalmcivet",0
"mg2007","maskedpalmcivet",0
"lsl1001","maskedpalmcivet",0
"lsl1004","maskedpalmcivet",0
"lsl1005","maskedpalmcivet",0
"lsl1006","maskedpalmcivet",0
"lsl2001","maskedpalmcivet",0
"lsl2002","maskedpalmcivet",0
"lsl2003","maskedpalmcivet",0
"lsl2004","maskedpalmcivet",0
"lsl2005","maskedpalmcivet",1
"lsl2006","maskedpalmcivet",0
"bls1001","maskedpalmcivet",0
"bls1002","maskedpalmcivet",0
"bls1003","maskedpalmcivet",0
"bls1004","maskedpalmcivet",0
"bls1005","maskedpalmcivet",0
"bls2001","maskedpalmcivet",0
"bls2002","maskedpalmcivet",0
"bls2003","maskedpalmcivet",0
"bls2004","maskedpalmcivet",0
"bls2005","maskedpalmcivet",1
"bls2006","maskedpalmcivet",0
"bls2008","maskedpalmcivet",0
"bls3001","maskedpalmcivet",0
"bls3004","maskedpalmcivet",0
"bls3005","maskedpalmcivet",1
"bls3006","maskedpalmcivet",2
"bls3007","maskedpalmcivet",2
"bls3008","maskedpalmcivet",0
"bls3009","maskedpalmcivet",0
"bls3010","maskedpalmcivet",0
"bls6001","maskedpalmcivet",0
"bls6002","maskedpalmcivet",0
"bls6004","maskedpalmcivet",0
"bls7001","maskedpalmcivet",0
"bls7003","maskedpalmcivet",0
"ms4001","maskedpalmcivet",2
"ms4002","maskedpalmcivet",4
"ms4003","maskedpalmcivet",0
"ms4004","maskedpalmcivet",0
"ms4005","maskedpalmcivet",0
"ms4006","maskedpalmcivet",0
"ms5001","maskedpalmcivet",0
"ms5002","maskedpalmcivet",1
"ms5004","maskedpalmcivet",2
"nbh1001","maskedpalmcivet",0
"nbh1004","maskedpalmcivet",0
"nbh1005","maskedpalmcivet",0
"nbh1007","maskedpalmcivet",0
"nbh1009","maskedpalmcivet",0
"nbh1012","maskedpalmcivet",0
"nbh1013","maskedpalmcivet",0
"nbh2004","maskedpalmcivet",1
"nbh2007","maskedpalmcivet",4
"nbh2008","maskedpalmcivet",1
"nbh2010","maskedpalmcivet",0
"nbh3005","maskedpalmcivet",0
"nbh4001","maskedpalmcivet",0
"nbh4002","maskedpalmcivet",0
"nbh4003","maskedpalmcivet",0
"nbh4006","maskedpalmcivet",8
"nbh4010","maskedpalmcivet",1
"nbh4011","maskedpalmcivet",0
"nbh5001","maskedpalmcivet",0
"nbh5002","maskedpalmcivet",4
"nbh5003","maskedpalmcivet",0
"nbh5005","maskedpalmcivet",0
"ml1001","chineseferretbadger",0
"ml1003","chineseferretbadger",0
"ml1005","chineseferretbadger",0
"ml1006","chineseferretbadger",0
"ml1007","chineseferretbadger",0
"ml1008","chineseferretbadger",0
"ml1009","chineseferretbadger",0
"ml1011","chineseferretbadger",0
"ml1012","chineseferretbadger",0
"ml1013","chineseferretbadger",0
"ml1014","chineseferretbadger",0
"ml1015","chineseferretbadger",0
"ml1016","chineseferretbadger",0
"ml1017","chineseferretbadger",0
"ml1018","chineseferretbadger",0
"ml1019","chineseferretbadger",0
"ml1020","chineseferretbadger",0
"ml1021","chineseferretbadger",0
"ml1022","chineseferretbadger",0
"ml1023","chineseferretbadger",0
"ml1024","chineseferretbadger",0
"ml1025","chineseferretbadger",0
"ml1026","chineseferretbadger",0
"ml1027","chineseferretbadger",0
"ml1028","chineseferretbadger",0
"ml2001","chineseferretbadger",0
"ml2002","chineseferretbadger",0
"ml2003","chineseferretbadger",0
"ml2004","chineseferretbadger",0
"ml2005","chineseferretbadger",0
"ml2006","chineseferretbadger",0
"ml2007","chineseferretbadger",0
"ml3001","chineseferretbadger",0
"ml3003","chineseferretbadger",0
"ml3004","chineseferretbadger",0
"ml3006","chineseferretbadger",0
"mg1001","chineseferretbadger",0
"mg1002","chineseferretbadger",0
"mg1003","chineseferretbadger",0
"mg1004","chineseferretbadger",0
"mg1005","chineseferretbadger",0
"mg1006","chineseferretbadger",0
"mg2001","chineseferretbadger",0
"mg2002","chineseferretbadger",0
"mg2003","chineseferretbadger",0
"mg2004","chineseferretbadger",0
"mg2005","chineseferretbadger",0
"mg2006","chineseferretbadger",0
"mg2007","chineseferretbadger",0
"lsl1001","chineseferretbadger",0
"lsl1004","chineseferretbadger",0
"lsl1005","chineseferretbadger",0
"lsl1006","chineseferretbadger",0
"lsl2001","chineseferretbadger",0
"lsl2002","chineseferretbadger",0
"lsl2003","chineseferretbadger",0
"lsl2004","chineseferretbadger",0
"lsl2005","chineseferretbadger",0
"lsl2006","chineseferretbadger",0
"bls1001","chineseferretbadger",0
"bls1002","chineseferretbadger",0
"bls1003","chineseferretbadger",0
"bls1004","chineseferretbadger",0
"bls1005","chineseferretbadger",0
"bls2001","chineseferretbadger",0
"bls2002","chineseferretbadger",0
"bls2003","chineseferretbadger",0
"bls2004","chineseferretbadger",0
"bls2005","chineseferretbadger",0
"bls2006","chineseferretbadger",19
"bls2008","chineseferretbadger",0
"bls3001","chineseferretbadger",0
"bls3004","chineseferretbadger",0
"bls3005","chineseferretbadger",0
"bls3006","chineseferretbadger",0
"bls3007","chineseferretbadger",0
"bls3008","chineseferretbadger",0
"bls3009","chineseferretbadger",0
"bls3010","chineseferretbadger",0
"bls6001","chineseferretbadger",0
"bls6002","chineseferretbadger",0
"bls6004","chineseferretbadger",0
"bls7001","chineseferretbadger",3
"bls7003","chineseferretbadger",0
"ms4001","chineseferretbadger",0
"ms4002","chineseferretbadger",0
"ms4003","chineseferretbadger",0
"ms4004","chineseferretbadger",0
"ms4005","chineseferretbadger",0
"ms4006","chineseferretbadger",0
"ms5001","chineseferretbadger",0
"ms5002","chineseferretbadger",0
"ms5004","chineseferretbadger",0
"nbh1001","chineseferretbadger",0
"nbh1004","chineseferretbadger",0
"nbh1005","chineseferretbadger",0
"nbh1007","chineseferretbadger",0
"nbh1009","chineseferretbadger",0
"nbh1012","chineseferretbadger",0
"nbh1013","chineseferretbadger",0
"nbh2004","chineseferretbadger",0
"nbh2007","chineseferretbadger",0
"nbh2008","chineseferretbadger",0
"nbh2010","chineseferretbadger",0
"nbh3005","chineseferretbadger",0
"nbh4001","chineseferretbadger",0
"nbh4002","chineseferretbadger",0
"nbh4003","chineseferretbadger",13
"nbh4006","chineseferretbadger",0
"nbh4010","chineseferretbadger",0
"nbh4011","chineseferretbadger",0
"nbh5001","chineseferretbadger",0
"nbh5002","chineseferretbadger",0
"nbh5003","chineseferretbadger",0
"nbh5005","chineseferretbadger",0
"ml1001","leopardcat",0
"ml1003","leopardcat",0
"ml1005","leopardcat",0
"ml1006","leopardcat",2
"ml1007","leopardcat",0
"ml1008","leopardcat",0
"ml1009","leopardcat",0
"ml1011","leopardcat",0
"ml1012","leopardcat",0
"ml1013","leopardcat",0
"ml1014","leopardcat",0
"ml1015","leopardcat",0
"ml1016","leopardcat",0
"ml1017","leopardcat",0
"ml1018","leopardcat",0
"ml1019","leopardcat",0
"ml1020","leopardcat",0
"ml1021","leopardcat",0
"ml1022","leopardcat",0
"ml1023","leopardcat",0
"ml1024","leopardcat",0
"ml1025","leopardcat",0
"ml1026","leopardcat",0
"ml1027","leopardcat",0
"ml1028","leopardcat",0
"ml2001","leopardcat",0
"ml2002","leopardcat",2
"ml2003","leopardcat",0
"ml2004","leopardcat",0
"ml2005","leopardcat",0
"ml2006","leopardcat",1
"ml2007","leopardcat",0
"ml3001","leopardcat",2
"ml3003","leopardcat",0
"ml3004","leopardcat",0
"ml3006","leopardcat",0
"mg1001","leopardcat",1
"mg1002","leopardcat",0
"mg1003","leopardcat",0
"mg1004","leopardcat",0
"mg1005","leopardcat",0
"mg1006","leopardcat",0
"mg2001","leopardcat",0
"mg2002","leopardcat",0
"mg2003","leopardcat",0
"mg2004","leopardcat",0
"mg2005","leopardcat",0
"mg2006","leopardcat",0
"mg2007","leopardcat",0
"lsl1001","leopardcat",0
"lsl1004","leopardcat",0
"lsl1005","leopardcat",0
"lsl1006","leopardcat",3
"lsl2001","leopardcat",0
"lsl2002","leopardcat",1
"lsl2003","leopardcat",0
"lsl2004","leopardcat",0
"lsl2005","leopardcat",0
"lsl2006","leopardcat",0
"bls1001","leopardcat",0
"bls1002","leopardcat",0
"bls1003","leopardcat",0
"bls1004","leopardcat",0
"bls1005","leopardcat",0
"bls2001","leopardcat",0
"bls2002","leopardcat",0
"bls2003","leopardcat",0
"bls2004","leopardcat",0
"bls2005","leopardcat",0
"bls2006","leopardcat",0
"bls2008","leopardcat",0
"bls3001","leopardcat",0
"bls3004","leopardcat",0
"bls3005","leopardcat",0
"bls3006","leopardcat",0
"bls3007","leopardcat",0
"bls3008","leopardcat",0
"bls3009","leopardcat",0
"bls3010","leopardcat",0
"bls6001","leopardcat",0
"bls6002","leopardcat",0
"bls6004","leopardcat",0
"bls7001","leopardcat",1
"bls7003","leopardcat",0
"ms4001","leopardcat",0
"ms4002","leopardcat",1
"ms4003","leopardcat",0
"ms4004","leopardcat",0
"ms4005","leopardcat",0
"ms4006","leopardcat",0
"ms5001","leopardcat",0
"ms5002","leopardcat",0
"ms5004","leopardcat",0
"nbh1001","leopardcat",0
"nbh1004","leopardcat",0
"nbh1005","leopardcat",0
"nbh1007","leopardcat",0
"nbh1009","leopardcat",0
"nbh1012","leopardcat",0
"nbh1013","leopardcat",0
"nbh2004","leopardcat",0
"nbh2007","leopardcat",2
"nbh2008","leopardcat",0
"nbh2010","leopardcat",0
"nbh3005","leopardcat",0
"nbh4001","leopardcat",0
"nbh4002","leopardcat",0
"nbh4003","leopardcat",1
"nbh4006","leopardcat",0
"nbh4010","leopardcat",0
"nbh4011","leopardcat",0
"nbh5001","leopardcat",0
"nbh5002","leopardcat",0
"nbh5003","leopardcat",0
"nbh5005","leopardcat",1
"ml1001","crabeatingmongoose",0
"ml1003","crabeatingmongoose",0
"ml1005","crabeatingmongoose",0
"ml1006","crabeatingmongoose",1
"ml1007","crabeatingmongoose",0
"ml1008","crabeatingmongoose",0
"ml1009","crabeatingmongoose",0
"ml1011","crabeatingmongoose",0
"ml1012","crabeatingmongoose",0
"ml1013","crabeatingmongoose",0
"ml1014","crabeatingmongoose",0
"ml1015","crabeatingmongoose",0
"ml1016","crabeatingmongoose",0
"ml1017","crabeatingmongoose",0
"ml1018","crabeatingmongoose",0
"ml1019","crabeatingmongoose",2
"ml1020","crabeatingmongoose",0
"ml1021","crabeatingmongoose",0
"ml1022","crabeatingmongoose",0
"ml1023","crabeatingmongoose",0
"ml1024","crabeatingmongoose",0
"ml1025","crabeatingmongoose",0
"ml1026","crabeatingmongoose",0
"ml1027","crabeatingmongoose",0
"ml1028","crabeatingmongoose",0
"ml2001","crabeatingmongoose",0
"ml2002","crabeatingmongoose",0
"ml2003","crabeatingmongoose",0
"ml2004","crabeatingmongoose",1
"ml2005","crabeatingmongoose",0
"ml2006","crabeatingmongoose",1
"ml2007","crabeatingmongoose",1
"ml3001","crabeatingmongoose",1
"ml3003","crabeatingmongoose",0
"ml3004","crabeatingmongoose",0
"ml3006","crabeatingmongoose",1
"mg1001","crabeatingmongoose",0
"mg1002","crabeatingmongoose",0
"mg1003","crabeatingmongoose",0
"mg1004","crabeatingmongoose",0
"mg1005","crabeatingmongoose",0
"mg1006","crabeatingmongoose",0
"mg2001","crabeatingmongoose",0
"mg2002","crabeatingmongoose",0
"mg2003","crabeatingmongoose",0
"mg2004","crabeatingmongoose",0
"mg2005","crabeatingmongoose",0
"mg2006","crabeatingmongoose",0
"mg2007","crabeatingmongoose",0
"lsl1001","crabeatingmongoose",0
"lsl1004","crabeatingmongoose",0
"lsl1005","crabeatingmongoose",0
"lsl1006","crabeatingmongoose",8
"lsl2001","crabeatingmongoose",0
"lsl2002","crabeatingmongoose",0
"lsl2003","crabeatingmongoose",0
"lsl2004","crabeatingmongoose",0
"lsl2005","crabeatingmongoose",0
"lsl2006","crabeatingmongoose",0
"bls1001","crabeatingmongoose",0
"bls1002","crabeatingmongoose",0
"bls1003","crabeatingmongoose",0
"bls1004","crabeatingmongoose",0
"bls1005","crabeatingmongoose",0
"bls2001","crabeatingmongoose",0
"bls2002","crabeatingmongoose",0
"bls2003","crabeatingmongoose",0
"bls2004","crabeatingmongoose",0
"bls2005","crabeatingmongoose",0
"bls2006","crabeatingmongoose",0
"bls2008","crabeatingmongoose",0
"bls3001","crabeatingmongoose",0
"bls3004","crabeatingmongoose",0
"bls3005","crabeatingmongoose",0
"bls3006","crabeatingmongoose",0
"bls3007","crabeatingmongoose",0
"bls3008","crabeatingmongoose",0
"bls3009","crabeatingmongoose",0
"bls3010","crabeatingmongoose",0
"bls6001","crabeatingmongoose",0
"bls6002","crabeatingmongoose",0
"bls6004","crabeatingmongoose",0
"bls7001","crabeatingmongoose",0
"bls7003","crabeatingmongoose",0
"ms4001","crabeatingmongoose",0
"ms4002","crabeatingmongoose",0
"ms4003","crabeatingmongoose",0
"ms4004","crabeatingmongoose",0
"ms4005","crabeatingmongoose",0
"ms4006","crabeatingmongoose",0
"ms5001","crabeatingmongoose",0
"ms5002","crabeatingmongoose",0
"ms5004","crabeatingmongoose",0
"nbh1001","crabeatingmongoose",0
"nbh1004","crabeatingmongoose",0
"nbh1005","crabeatingmongoose",0
"nbh1007","crabeatingmongoose",0
"nbh1009","crabeatingmongoose",0
"nbh1012","crabeatingmongoose",0
"nbh1013","crabeatingmongoose",0
"nbh2004","crabeatingmongoose",0
"nbh2007","crabeatingmongoose",0
"nbh2008","crabeatingmongoose",0
"nbh2010","crabeatingmongoose",0
"nbh3005","crabeatingmongoose",0
"nbh4001","crabeatingmongoose",0
"nbh4002","crabeatingmongoose",0
"nbh4003","crabeatingmongoose",4
"nbh4006","crabeatingmongoose",0
"nbh4010","crabeatingmongoose",0
"nbh4011","crabeatingmongoose",0
"nbh5001","crabeatingmongoose",0
"nbh5002","crabeatingmongoose",0
"nbh5003","crabeatingmongoose",1
"nbh5005","crabeatingmongoose",1
"ml1001","commonmacaque",0
"ml1003","commonmacaque",0
"ml1005","commonmacaque",0
"ml1006","commonmacaque",0
"ml1007","commonmacaque",0
"ml1008","commonmacaque",0
"ml1009","commonmacaque",0
"ml1011","commonmacaque",1
"ml1012","commonmacaque",0
"ml1013","commonmacaque",0
"ml1014","commonmacaque",0
"ml1015","commonmacaque",0
"ml1016","commonmacaque",0
"ml1017","commonmacaque",0
"ml1018","commonmacaque",0
"ml1019","commonmacaque",0
"ml1020","commonmacaque",0
"ml1021","commonmacaque",0
"ml1022","commonmacaque",0
"ml1023","commonmacaque",0
"ml1024","commonmacaque",0
"ml1025","commonmacaque",0
"ml1026","commonmacaque",0
"ml1027","commonmacaque",0
"ml1028","commonmacaque",0
"ml2001","commonmacaque",0
"ml2002","commonmacaque",0
"ml2003","commonmacaque",0
"ml2004","commonmacaque",0
"ml2005","commonmacaque",0
"ml2006","commonmacaque",0
"ml2007","commonmacaque",0
"ml3001","commonmacaque",0
"ml3003","commonmacaque",0
"ml3004","commonmacaque",0
"ml3006","commonmacaque",0
"mg1001","commonmacaque",0
"mg1002","commonmacaque",4
"mg1003","commonmacaque",0
"mg1004","commonmacaque",0
"mg1005","commonmacaque",0
"mg1006","commonmacaque",0
"mg2001","commonmacaque",0
"mg2002","commonmacaque",0
"mg2003","commonmacaque",0
"mg2004","commonmacaque",0
"mg2005","commonmacaque",0
"mg2006","commonmacaque",0
"mg2007","commonmacaque",0
"lsl1001","commonmacaque",0
"lsl1004","commonmacaque",0
"lsl1005","commonmacaque",0
"lsl1006","commonmacaque",0
"lsl2001","commonmacaque",0
"lsl2002","commonmacaque",0
"lsl2003","commonmacaque",0
"lsl2004","commonmacaque",0
"lsl2005","commonmacaque",0
"lsl2006","commonmacaque",0
"bls1001","commonmacaque",0
"bls1002","commonmacaque",0
"bls1003","commonmacaque",0
"bls1004","commonmacaque",0
"bls1005","commonmacaque",0
"bls2001","commonmacaque",0
"bls2002","commonmacaque",0
"bls2003","commonmacaque",0
"bls2004","commonmacaque",0
"bls2005","commonmacaque",0
"bls2006","commonmacaque",0
"bls2008","commonmacaque",0
"bls3001","commonmacaque",0
"bls3004","commonmacaque",0
"bls3005","commonmacaque",0
"bls3006","commonmacaque",0
"bls3007","commonmacaque",0
"bls3008","commonmacaque",0
"bls3009","commonmacaque",0
"bls3010","commonmacaque",0
"bls6001","commonmacaque",0
"bls6002","commonmacaque",0
"bls6004","commonmacaque",0
"bls7001","commonmacaque",0
"bls7003","commonmacaque",0
"ms4001","commonmacaque",0
"ms4002","commonmacaque",0
"ms4003","commonmacaque",0
"ms4004","commonmacaque",0
"ms4005","commonmacaque",0
"ms4006","commonmacaque",0
"ms5001","commonmacaque",0
"ms5002","commonmacaque",0
"ms5004","commonmacaque",0
"nbh1001","commonmacaque",1
"nbh1004","commonmacaque",5
"nbh1005","commonmacaque",3
"nbh1007","commonmacaque",8
"nbh1009","commonmacaque",10
"nbh1012","commonmacaque",8
"nbh1013","commonmacaque",0
"nbh2004","commonmacaque",0
"nbh2007","commonmacaque",18
"nbh2008","commonmacaque",12
"nbh2010","commonmacaque",0
"nbh3005","commonmacaque",1
"nbh4001","commonmacaque",0
"nbh4002","commonmacaque",0
"nbh4003","commonmacaque",0
"nbh4006","commonmacaque",0
"nbh4010","commonmacaque",0
"nbh4011","commonmacaque",0
"nbh5001","commonmacaque",0
"nbh5002","commonmacaque",0
"nbh5003","commonmacaque",0
"nbh5005","commonmacaque",0
"ml1001","porcupine",0
"ml1003","porcupine",0
"ml1005","porcupine",0
"ml1006","porcupine",1
"ml1007","porcupine",4
"ml1008","porcupine",2
"ml1009","porcupine",1
"ml1011","porcupine",0
"ml1012","porcupine",0
"ml1013","porcupine",0
"ml1014","porcupine",0
"ml1015","porcupine",0
"ml1016","porcupine",0
"ml1017","porcupine",0
"ml1018","porcupine",1
"ml1019","porcupine",0
"ml1020","porcupine",0
"ml1021","porcupine",0
"ml1022","porcupine",0
"ml1023","porcupine",0
"ml1024","porcupine",0
"ml1025","porcupine",0
"ml1026","porcupine",0
"ml1027","porcupine",0
"ml1028","porcupine",0
"ml2001","porcupine",0
"ml2002","porcupine",0
"ml2003","porcupine",0
"ml2004","porcupine",0
"ml2005","porcupine",0
"ml2006","porcupine",0
"ml2007","porcupine",0
"ml3001","porcupine",0
"ml3003","porcupine",0
"ml3004","porcupine",0
"ml3006","porcupine",0
"mg1001","porcupine",0
"mg1002","porcupine",0
"mg1003","porcupine",0
"mg1004","porcupine",0
"mg1005","porcupine",0
"mg1006","porcupine",0
"mg2001","porcupine",0
"mg2002","porcupine",0
"mg2003","porcupine",0
"mg2004","porcupine",0
"mg2005","porcupine",0
"mg2006","porcupine",0
"mg2007","porcupine",0
"lsl1001","porcupine",0
"lsl1004","porcupine",0
"lsl1005","porcupine",0
"lsl1006","porcupine",0
"lsl2001","porcupine",0
"lsl2002","porcupine",0
"lsl2003","porcupine",0
"lsl2004","porcupine",0
"lsl2005","porcupine",0
"lsl2006","porcupine",0
"bls1001","porcupine",0
"bls1002","porcupine",0
"bls1003","porcupine",0
"bls1004","porcupine",0
"bls1005","porcupine",0
"bls2001","porcupine",0
"bls2002","porcupine",0
"bls2003","porcupine",0
"bls2004","porcupine",0
"bls2005","porcupine",0
"bls2006","porcupine",0
"bls2008","porcupine",0
"bls3001","porcupine",0
"bls3004","porcupine",0
"bls3005","porcupine",0
"bls3006","porcupine",0
"bls3007","porcupine",0
"bls3008","porcupine",0
"bls3009","porcupine",0
"bls3010","porcupine",0
"bls6001","porcupine",0
"bls6002","porcupine",0
"bls6004","porcupine",0
"bls7001","porcupine",0
"bls7003","porcupine",0
"ms4001","porcupine",0
"ms4002","porcupine",0
"ms4003","porcupine",0
"ms4004","porcupine",0
"ms4005","porcupine",0
"ms4006","porcupine",0
"ms5001","porcupine",0
"ms5002","porcupine",0
"ms5004","porcupine",0
"nbh1001","porcupine",0
"nbh1004","porcupine",1
"nbh1005","porcupine",0
"nbh1007","porcupine",0
"nbh1009","porcupine",0
"nbh1012","porcupine",0
"nbh1013","porcupine",0
"nbh2004","porcupine",0
"nbh2007","porcupine",0
"nbh2008","porcupine",0
"nbh2010","porcupine",0
"nbh3005","porcupine",0
"nbh4001","porcupine",0
"nbh4002","porcupine",0
"nbh4003","porcupine",0
"nbh4006","porcupine",0
"nbh4010","porcupine",2
"nbh4011","porcupine",0
"nbh5001","porcupine",1
"nbh5002","porcupine",3
"nbh5003","porcupine",0
"nbh5005","porcupine",0
"ml1001","dhole",0
"ml1003","dhole",0
"ml1005","dhole",0
"ml1006","dhole",0
"ml1007","dhole",0
"ml1008","dhole",0
"ml1009","dhole",0
"ml1011","dhole",1
"ml1012","dhole",0
"ml1013","dhole",0
"ml1014","dhole",0
"ml1015","dhole",0
"ml1016","dhole",0
"ml1017","dhole",0
"ml1018","dhole",0
"ml1019","dhole",0
"ml1020","dhole",0
"ml1021","dhole",0
"ml1022","dhole",0
"ml1023","dhole",0
"ml1024","dhole",0
"ml1025","dhole",0
"ml1026","dhole",0
"ml1027","dhole",0
"ml1028","dhole",0
"ml2001","dhole",0
"ml2002","dhole",0
"ml2003","dhole",0
"ml2004","dhole",0
"ml2005","dhole",0
"ml2006","dhole",0
"ml2007","dhole",0
"ml3001","dhole",0
"ml3003","dhole",0
"ml3004","dhole",0
"ml3006","dhole",0
"mg1001","dhole",0
"mg1002","dhole",0
"mg1003","dhole",0
"mg1004","dhole",0
"mg1005","dhole",0
"mg1006","dhole",0
"mg2001","dhole",0
"mg2002","dhole",0
"mg2003","dhole",0
"mg2004","dhole",0
"mg2005","dhole",0
"mg2006","dhole",0
"mg2007","dhole",0
"lsl1001","dhole",0
"lsl1004","dhole",0
"lsl1005","dhole",0
"lsl1006","dhole",0
"lsl2001","dhole",0
"lsl2002","dhole",0
"lsl2003","dhole",0
"lsl2004","dhole",0
"lsl2005","dhole",0
"lsl2006","dhole",0
"bls1001","dhole",0
"bls1002","dhole",0
"bls1003","dhole",0
"bls1004","dhole",0
"bls1005","dhole",0
"bls2001","dhole",0
"bls2002","dhole",0
"bls2003","dhole",0
"bls2004","dhole",0
"bls2005","dhole",0
"bls2006","dhole",0
"bls2008","dhole",0
"bls3001","dhole",0
"bls3004","dhole",0
"bls3005","dhole",0
"bls3006","dhole",0
"bls3007","dhole",0
"bls3008","dhole",0
"bls3009","dhole",0
"bls3010","dhole",0
"bls6001","dhole",0
"bls6002","dhole",0
"bls6004","dhole",0
"bls7001","dhole",0
"bls7003","dhole",0
"ms4001","dhole",0
"ms4002","dhole",0
"ms4003","dhole",0
"ms4004","dhole",0
"ms4005","dhole",0
"ms4006","dhole",0
"ms5001","dhole",0
"ms5002","dhole",0
"ms5004","dhole",0
"nbh1001","dhole",0
"nbh1004","dhole",0
"nbh1005","dhole",0
"nbh1007","dhole",0
"nbh1009","dhole",0
"nbh1012","dhole",0
"nbh1013","dhole",0
"nbh2004","dhole",0
"nbh2007","dhole",0
"nbh2008","dhole",0
"nbh2010","dhole",0
"nbh3005","dhole",0
"nbh4001","dhole",0
"nbh4002","dhole",0
"nbh4003","dhole",0
"nbh4006","dhole",0
"nbh4010","dhole",0
"nbh4011","dhole",0
"nbh5001","dhole",0
"nbh5002","dhole",0
"nbh5003","dhole",0
"nbh5005","dhole",0
"ml1001","serow",0
"ml1003","serow",0
"ml1005","serow",0
"ml1006","serow",0
"ml1007","serow",0
"ml1008","serow",0
"ml1009","serow",0
"ml1011","serow",0
"ml1012","serow",0
"ml1013","serow",0
"ml1014","serow",0
"ml1015","serow",0
"ml1016","serow",0
"ml1017","serow",0
"ml1018","serow",0
"ml1019","serow",3
"ml1020","serow",0
"ml1021","serow",0
"ml1022","serow",0
"ml1023","serow",0
"ml1024","serow",0
"ml1025","serow",0
"ml1026","serow",0
"ml1027","serow",0
"ml1028","serow",0
"ml2001","serow",0
"ml2002","serow",0
"ml2003","serow",0
"ml2004","serow",0
"ml2005","serow",0
"ml2006","serow",0
"ml2007","serow",0
"ml3001","serow",0
"ml3003","serow",0
"ml3004","serow",0
"ml3006","serow",0
"mg1001","serow",0
"mg1002","serow",0
"mg1003","serow",0
"mg1004","serow",0
"mg1005","serow",0
"mg1006","serow",0
"mg2001","serow",0
"mg2002","serow",0
"mg2003","serow",0
"mg2004","serow",0
"mg2005","serow",0
"mg2006","serow",0
"mg2007","serow",0
"lsl1001","serow",0
"lsl1004","serow",0
"lsl1005","serow",0
"lsl1006","serow",0
"lsl2001","serow",0
"lsl2002","serow",0
"lsl2003","serow",0
"lsl2004","serow",0
"lsl2005","serow",0
"lsl2006","serow",0
"bls1001","serow",0
"bls1002","serow",0
"bls1003","serow",0
"bls1004","serow",0
"bls1005","serow",0
"bls2001","serow",0
"bls2002","serow",0
"bls2003","serow",0
"bls2004","serow",0
"bls2005","serow",0
"bls2006","serow",0
"bls2008","serow",0
"bls3001","serow",0
"bls3004","serow",0
"bls3005","serow",0
"bls3006","serow",0
"bls3007","serow",0
"bls3008","serow",0
"bls3009","serow",0
"bls3010","serow",0
"bls6001","serow",0
"bls6002","serow",0
"bls6004","serow",0
"bls7001","serow",0
"bls7003","serow",0
"ms4001","serow",0
"ms4002","serow",0
"ms4003","serow",0
"ms4004","serow",0
"ms4005","serow",0
"ms4006","serow",0
"ms5001","serow",0
"ms5002","serow",0
"ms5004","serow",0
"nbh1001","serow",0
"nbh1004","serow",0
"nbh1005","serow",0
"nbh1007","serow",0
"nbh1009","serow",0
"nbh1012","serow",0
"nbh1013","serow",0
"nbh2004","serow",0
"nbh2007","serow",0
"nbh2008","serow",0
"nbh2010","serow",0
"nbh3005","serow",0
"nbh4001","serow",0
"nbh4002","serow",0
"nbh4003","serow",0
"nbh4006","serow",0
"nbh4010","serow",0
"nbh4011","serow",0
"nbh5001","serow",2
"nbh5002","serow",0
"nbh5003","serow",0
"nbh5005","serow",0
"ml1001","spotedlinsang",0
"ml1003","spotedlinsang",0
"ml1005","spotedlinsang",0
"ml1006","spotedlinsang",0
"ml1007","spotedlinsang",0
"ml1008","spotedlinsang",0
"ml1009","spotedlinsang",0
"ml1011","spotedlinsang",0
"ml1012","spotedlinsang",0
"ml1013","spotedlinsang",0
"ml1014","spotedlinsang",0
"ml1015","spotedlinsang",0
"ml1016","spotedlinsang",0
"ml1017","spotedlinsang",0
"ml1018","spotedlinsang",0
"ml1019","spotedlinsang",0
"ml1020","spotedlinsang",1
"ml1021","spotedlinsang",0
"ml1022","spotedlinsang",0
"ml1023","spotedlinsang",0
"ml1024","spotedlinsang",0
"ml1025","spotedlinsang",0
"ml1026","spotedlinsang",0
"ml1027","spotedlinsang",0
"ml1028","spotedlinsang",0
"ml2001","spotedlinsang",0
"ml2002","spotedlinsang",0
"ml2003","spotedlinsang",0
"ml2004","spotedlinsang",0
"ml2005","spotedlinsang",0
"ml2006","spotedlinsang",0
"ml2007","spotedlinsang",0
"ml3001","spotedlinsang",0
"ml3003","spotedlinsang",0
"ml3004","spotedlinsang",0
"ml3006","spotedlinsang",0
"mg1001","spotedlinsang",0
"mg1002","spotedlinsang",0
"mg1003","spotedlinsang",0
"mg1004","spotedlinsang",0
"mg1005","spotedlinsang",0
"mg1006","spotedlinsang",0
"mg2001","spotedlinsang",0
"mg2002","spotedlinsang",0
"mg2003","spotedlinsang",0
"mg2004","spotedlinsang",0
"mg2005","spotedlinsang",0
"mg2006","spotedlinsang",0
"mg2007","spotedlinsang",0
"lsl1001","spotedlinsang",0
"lsl1004","spotedlinsang",0
"lsl1005","spotedlinsang",0
"lsl1006","spotedlinsang",0
"lsl2001","spotedlinsang",0
"lsl2002","spotedlinsang",0
"lsl2003","spotedlinsang",0
"lsl2004","spotedlinsang",0
"lsl2005","spotedlinsang",0
"lsl2006","spotedlinsang",0
"bls1001","spotedlinsang",0
"bls1002","spotedlinsang",0
"bls1003","spotedlinsang",0
"bls1004","spotedlinsang",0
"bls1005","spotedlinsang",0
"bls2001","spotedlinsang",0
"bls2002","spotedlinsang",0
"bls2003","spotedlinsang",0
"bls2004","spotedlinsang",0
"bls2005","spotedlinsang",0
"bls2006","spotedlinsang",0
"bls2008","spotedlinsang",0
"bls3001","spotedlinsang",0
"bls3004","spotedlinsang",0
"bls3005","spotedlinsang",0
"bls3006","spotedlinsang",0
"bls3007","spotedlinsang",0
"bls3008","spotedlinsang",0
"bls3009","spotedlinsang",0
"bls3010","spotedlinsang",0
"bls6001","spotedlinsang",0
"bls6002","spotedlinsang",0
"bls6004","spotedlinsang",0
"bls7001","spotedlinsang",0
"bls7003","spotedlinsang",0
"ms4001","spotedlinsang",0
"ms4002","spotedlinsang",0
"ms4003","spotedlinsang",0
"ms4004","spotedlinsang",0
"ms4005","spotedlinsang",0
"ms4006","spotedlinsang",0
"ms5001","spotedlinsang",0
"ms5002","spotedlinsang",0
"ms5004","spotedlinsang",0
"nbh1001","spotedlinsang",0
"nbh1004","spotedlinsang",0
"nbh1005","spotedlinsang",0
"nbh1007","spotedlinsang",0
"nbh1009","spotedlinsang",0
"nbh1012","spotedlinsang",0
"nbh1013","spotedlinsang",0
"nbh2004","spotedlinsang",0
"nbh2007","spotedlinsang",0
"nbh2008","spotedlinsang",0
"nbh2010","spotedlinsang",0
"nbh3005","spotedlinsang",0
"nbh4001","spotedlinsang",0
"nbh4002","spotedlinsang",0
"nbh4003","spotedlinsang",0
"nbh4006","spotedlinsang",0
"nbh4010","spotedlinsang",0
"nbh4011","spotedlinsang",0
"nbh5001","spotedlinsang",0
"nbh5002","spotedlinsang",0
"nbh5003","spotedlinsang",0
"nbh5005","spotedlinsang",0
"ml1001","smallindiancivet",0
"ml1003","smallindiancivet",0
"ml1005","smallindiancivet",0
"ml1006","smallindiancivet",0
"ml1007","smallindiancivet",0
"ml1008","smallindiancivet",0
"ml1009","smallindiancivet",0
"ml1011","smallindiancivet",0
"ml1012","smallindiancivet",0
"ml1013","smallindiancivet",0
"ml1014","smallindiancivet",0
"ml1015","smallindiancivet",0
"ml1016","smallindiancivet",0
"ml1017","smallindiancivet",0
"ml1018","smallindiancivet",0
"ml1019","smallindiancivet",0
"ml1020","smallindiancivet",0
"ml1021","smallindiancivet",0
"ml1022","smallindiancivet",0
"ml1023","smallindiancivet",0
"ml1024","smallindiancivet",0
"ml1025","smallindiancivet",0
"ml1026","smallindiancivet",0
"ml1027","smallindiancivet",0
"ml1028","smallindiancivet",0
"ml2001","smallindiancivet",0
"ml2002","smallindiancivet",0
"ml2003","smallindiancivet",0
"ml2004","smallindiancivet",0
"ml2005","smallindiancivet",0
"ml2006","smallindiancivet",0
"ml2007","smallindiancivet",1
"ml3001","smallindiancivet",0
"ml3003","smallindiancivet",0
"ml3004","smallindiancivet",0
"ml3006","smallindiancivet",0
"mg1001","smallindiancivet",0
"mg1002","smallindiancivet",0
"mg1003","smallindiancivet",0
"mg1004","smallindiancivet",0
"mg1005","smallindiancivet",0
"mg1006","smallindiancivet",0
"mg2001","smallindiancivet",0
"mg2002","smallindiancivet",0
"mg2003","smallindiancivet",0
"mg2004","smallindiancivet",0
"mg2005","smallindiancivet",0
"mg2006","smallindiancivet",0
"mg2007","smallindiancivet",0
"lsl1001","smallindiancivet",0
"lsl1004","smallindiancivet",0
"lsl1005","smallindiancivet",0
"lsl1006","smallindiancivet",0
"lsl2001","smallindiancivet",0
"lsl2002","smallindiancivet",0
"lsl2003","smallindiancivet",0
"lsl2004","smallindiancivet",0
"lsl2005","smallindiancivet",0
"lsl2006","smallindiancivet",0
"bls1001","smallindiancivet",0
"bls1002","smallindiancivet",0
"bls1003","smallindiancivet",0
"bls1004","smallindiancivet",0
"bls1005","smallindiancivet",0
"bls2001","smallindiancivet",0
"bls2002","smallindiancivet",0
"bls2003","smallindiancivet",0
"bls2004","smallindiancivet",0
"bls2005","smallindiancivet",0
"bls2006","smallindiancivet",0
"bls2008","smallindiancivet",0
"bls3001","smallindiancivet",0
"bls3004","smallindiancivet",0
"bls3005","smallindiancivet",0
"bls3006","smallindiancivet",0
"bls3007","smallindiancivet",0
"bls3008","smallindiancivet",0
"bls3009","smallindiancivet",0
"bls3010","smallindiancivet",0
"bls6001","smallindiancivet",0
"bls6002","smallindiancivet",0
"bls6004","smallindiancivet",0
"bls7001","smallindiancivet",0
"bls7003","smallindiancivet",0
"ms4001","smallindiancivet",0
"ms4002","smallindiancivet",0
"ms4003","smallindiancivet",0
"ms4004","smallindiancivet",0
"ms4005","smallindiancivet",0
"ms4006","smallindiancivet",0
"ms5001","smallindiancivet",0
"ms5002","smallindiancivet",0
"ms5004","smallindiancivet",0
"nbh1001","smallindiancivet",0
"nbh1004","smallindiancivet",0
"nbh1005","smallindiancivet",0
"nbh1007","smallindiancivet",0
"nbh1009","smallindiancivet",0
"nbh1012","smallindiancivet",0
"nbh1013","smallindiancivet",0
"nbh2004","smallindiancivet",0
"nbh2007","smallindiancivet",0
"nbh2008","smallindiancivet",0
"nbh2010","smallindiancivet",0
"nbh3005","smallindiancivet",0
"nbh4001","smallindiancivet",0
"nbh4002","smallindiancivet",0
"nbh4003","smallindiancivet",0
"nbh4006","smallindiancivet",0
"nbh4010","smallindiancivet",0
"nbh4011","smallindiancivet",0
"nbh5001","smallindiancivet",0
"nbh5002","smallindiancivet",0
"nbh5003","smallindiancivet",0
"nbh5005","smallindiancivet",0
"ml1001","pigtailedmacaque",0
"ml1003","pigtailedmacaque",0
"ml1005","pigtailedmacaque",0
"ml1006","pigtailedmacaque",0
"ml1007","pigtailedmacaque",0
"ml1008","pigtailedmacaque",0
"ml1009","pigtailedmacaque",0
"ml1011","pigtailedmacaque",0
"ml1012","pigtailedmacaque",0
"ml1013","pigtailedmacaque",0
"ml1014","pigtailedmacaque",0
"ml1015","pigtailedmacaque",0
"ml1016","pigtailedmacaque",0
"ml1017","pigtailedmacaque",0
"ml1018","pigtailedmacaque",0
"ml1019","pigtailedmacaque",0
"ml1020","pigtailedmacaque",0
"ml1021","pigtailedmacaque",0
"ml1022","pigtailedmacaque",0
"ml1023","pigtailedmacaque",0
"ml1024","pigtailedmacaque",0
"ml1025","pigtailedmacaque",0
"ml1026","pigtailedmacaque",0
"ml1027","pigtailedmacaque",0
"ml1028","pigtailedmacaque",0
"ml2001","pigtailedmacaque",0
"ml2002","pigtailedmacaque",0
"ml2003","pigtailedmacaque",0
"ml2004","pigtailedmacaque",0
"ml2005","pigtailedmacaque",0
"ml2006","pigtailedmacaque",0
"ml2007","pigtailedmacaque",0
"ml3001","pigtailedmacaque",0
"ml3003","pigtailedmacaque",0
"ml3004","pigtailedmacaque",0
"ml3006","pigtailedmacaque",0
"mg1001","pigtailedmacaque",0
"mg1002","pigtailedmacaque",0
"mg1003","pigtailedmacaque",0
"mg1004","pigtailedmacaque",0
"mg1005","pigtailedmacaque",0
"mg1006","pigtailedmacaque",0
"mg2001","pigtailedmacaque",0
"mg2002","pigtailedmacaque",0
"mg2003","pigtailedmacaque",0
"mg2004","pigtailedmacaque",0
"mg2005","pigtailedmacaque",0
"mg2006","pigtailedmacaque",0
"mg2007","pigtailedmacaque",0
"lsl1001","pigtailedmacaque",0
"lsl1004","pigtailedmacaque",0
"lsl1005","pigtailedmacaque",0
"lsl1006","pigtailedmacaque",0
"lsl2001","pigtailedmacaque",0
"lsl2002","pigtailedmacaque",0
"lsl2003","pigtailedmacaque",0
"lsl2004","pigtailedmacaque",0
"lsl2005","pigtailedmacaque",0
"lsl2006","pigtailedmacaque",0
"bls1001","pigtailedmacaque",0
"bls1002","pigtailedmacaque",0
"bls1003","pigtailedmacaque",0
"bls1004","pigtailedmacaque",0
"bls1005","pigtailedmacaque",0
"bls2001","pigtailedmacaque",0
"bls2002","pigtailedmacaque",0
"bls2003","pigtailedmacaque",0
"bls2004","pigtailedmacaque",0
"bls2005","pigtailedmacaque",0
"bls2006","pigtailedmacaque",0
"bls2008","pigtailedmacaque",0
"bls3001","pigtailedmacaque",0
"bls3004","pigtailedmacaque",0
"bls3005","pigtailedmacaque",0
"bls3006","pigtailedmacaque",0
"bls3007","pigtailedmacaque",0
"bls3008","pigtailedmacaque",0
"bls3009","pigtailedmacaque",0
"bls3010","pigtailedmacaque",0
"bls6001","pigtailedmacaque",0
"bls6002","pigtailedmacaque",0
"bls6004","pigtailedmacaque",0
"bls7001","pigtailedmacaque",0
"bls7003","pigtailedmacaque",0
"ms4001","pigtailedmacaque",0
"ms4002","pigtailedmacaque",0
"ms4003","pigtailedmacaque",0
"ms4004","pigtailedmacaque",0
"ms4005","pigtailedmacaque",0
"ms4006","pigtailedmacaque",1
"ms5001","pigtailedmacaque",0
"ms5002","pigtailedmacaque",0
"ms5004","pigtailedmacaque",0
"nbh1001","pigtailedmacaque",1
"nbh1004","pigtailedmacaque",0
"nbh1005","pigtailedmacaque",0
"nbh1007","pigtailedmacaque",0
"nbh1009","pigtailedmacaque",0
"nbh1012","pigtailedmacaque",1
"nbh1013","pigtailedmacaque",9
"nbh2004","pigtailedmacaque",5
"nbh2007","pigtailedmacaque",15
"nbh2008","pigtailedmacaque",11
"nbh2010","pigtailedmacaque",0
"nbh3005","pigtailedmacaque",0
"nbh4001","pigtailedmacaque",0
"nbh4002","pigtailedmacaque",0
"nbh4003","pigtailedmacaque",0
"nbh4006","pigtailedmacaque",7
"nbh4010","pigtailedmacaque",3
"nbh4011","pigtailedmacaque",0
"nbh5001","pigtailedmacaque",0
"nbh5002","pigtailedmacaque",0
"nbh5003","pigtailedmacaque",0
"nbh5005","pigtailedmacaque",5
"ml1001","guar",0
"ml1003","guar",0
"ml1005","guar",0
"ml1006","guar",0
"ml1007","guar",0
"ml1008","guar",0
"ml1009","guar",0
"ml1011","guar",0
"ml1012","guar",0
"ml1013","guar",0
"ml1014","guar",0
"ml1015","guar",0
"ml1016","guar",0
"ml1017","guar",0
"ml1018","guar",0
"ml1019","guar",0
"ml1020","guar",0
"ml1021","guar",0
"ml1022","guar",0
"ml1023","guar",0
"ml1024","guar",0
"ml1025","guar",0
"ml1026","guar",0
"ml1027","guar",0
"ml1028","guar",0
"ml2001","guar",0
"ml2002","guar",0
"ml2003","guar",0
"ml2004","guar",0
"ml2005","guar",0
"ml2006","guar",0
"ml2007","guar",0
"ml3001","guar",0
"ml3003","guar",0
"ml3004","guar",0
"ml3006","guar",0
"mg1001","guar",0
"mg1002","guar",0
"mg1003","guar",0
"mg1004","guar",0
"mg1005","guar",0
"mg1006","guar",0
"mg2001","guar",0
"mg2002","guar",0
"mg2003","guar",0
"mg2004","guar",0
"mg2005","guar",0
"mg2006","guar",0
"mg2007","guar",0
"lsl1001","guar",0
"lsl1004","guar",0
"lsl1005","guar",0
"lsl1006","guar",0
"lsl2001","guar",0
"lsl2002","guar",0
"lsl2003","guar",0
"lsl2004","guar",0
"lsl2005","guar",0
"lsl2006","guar",0
"bls1001","guar",0
"bls1002","guar",0
"bls1003","guar",0
"bls1004","guar",0
"bls1005","guar",0
"bls2001","guar",0
"bls2002","guar",0
"bls2003","guar",0
"bls2004","guar",0
"bls2005","guar",0
"bls2006","guar",0
"bls2008","guar",0
"bls3001","guar",0
"bls3004","guar",0
"bls3005","guar",0
"bls3006","guar",0
"bls3007","guar",0
"bls3008","guar",0
"bls3009","guar",0
"bls3010","guar",0
"bls6001","guar",0
"bls6002","guar",0
"bls6004","guar",0
"bls7001","guar",0
"bls7003","guar",0
"ms4001","guar",0
"ms4002","guar",0
"ms4003","guar",0
"ms4004","guar",0
"ms4005","guar",0
"ms4006","guar",0
"ms5001","guar",0
"ms5002","guar",0
"ms5004","guar",0
"nbh1001","guar",8
"nbh1004","guar",0
"nbh1005","guar",0
"nbh1007","guar",21
"nbh1009","guar",1
"nbh1012","guar",3
"nbh1013","guar",0
"nbh2004","guar",0
"nbh2007","guar",0
"nbh2008","guar",0
"nbh2010","guar",0
"nbh3005","guar",0
"nbh4001","guar",0
"nbh4002","guar",0
"nbh4003","guar",0
"nbh4006","guar",0
"nbh4010","guar",0
"nbh4011","guar",0
"nbh5001","guar",0
"nbh5002","guar",0
"nbh5003","guar",0
"nbh5005","guar",1
"ml1001","hogbadger",0
"ml1003","hogbadger",0
"ml1005","hogbadger",0
"ml1006","hogbadger",0
"ml1007","hogbadger",0
"ml1008","hogbadger",0
"ml1009","hogbadger",0
"ml1011","hogbadger",0
"ml1012","hogbadger",0
"ml1013","hogbadger",0
"ml1014","hogbadger",0
"ml1015","hogbadger",0
"ml1016","hogbadger",0
"ml1017","hogbadger",0
"ml1018","hogbadger",0
"ml1019","hogbadger",0
"ml1020","hogbadger",0
"ml1021","hogbadger",0
"ml1022","hogbadger",0
"ml1023","hogbadger",0
"ml1024","hogbadger",0
"ml1025","hogbadger",0
"ml1026","hogbadger",0
"ml1027","hogbadger",0
"ml1028","hogbadger",0
"ml2001","hogbadger",0
"ml2002","hogbadger",0
"ml2003","hogbadger",0
"ml2004","hogbadger",0
"ml2005","hogbadger",0
"ml2006","hogbadger",0
"ml2007","hogbadger",0
"ml3001","hogbadger",0
"ml3003","hogbadger",0
"ml3004","hogbadger",0
"ml3006","hogbadger",0
"mg1001","hogbadger",0
"mg1002","hogbadger",0
"mg1003","hogbadger",0
"mg1004","hogbadger",0
"mg1005","hogbadger",0
"mg1006","hogbadger",0
"mg2001","hogbadger",0
"mg2002","hogbadger",0
"mg2003","hogbadger",0
"mg2004","hogbadger",0
"mg2005","hogbadger",0
"mg2006","hogbadger",0
"mg2007","hogbadger",0
"lsl1001","hogbadger",0
"lsl1004","hogbadger",0
"lsl1005","hogbadger",0
"lsl1006","hogbadger",0
"lsl2001","hogbadger",0
"lsl2002","hogbadger",0
"lsl2003","hogbadger",0
"lsl2004","hogbadger",0
"lsl2005","hogbadger",0
"lsl2006","hogbadger",0
"bls1001","hogbadger",0
"bls1002","hogbadger",0
"bls1003","hogbadger",0
"bls1004","hogbadger",0
"bls1005","hogbadger",0
"bls2001","hogbadger",0
"bls2002","hogbadger",0
"bls2003","hogbadger",0
"bls2004","hogbadger",0
"bls2005","hogbadger",0
"bls2006","hogbadger",0
"bls2008","hogbadger",0
"bls3001","hogbadger",0
"bls3004","hogbadger",0
"bls3005","hogbadger",0
"bls3006","hogbadger",0
"bls3007","hogbadger",0
"bls3008","hogbadger",0
"bls3009","hogbadger",0
"bls3010","hogbadger",0
"bls6001","hogbadger",0
"bls6002","hogbadger",0
"bls6004","hogbadger",0
"bls7001","hogbadger",0
"bls7003","hogbadger",0
"ms4001","hogbadger",0
"ms4002","hogbadger",0
"ms4003","hogbadger",0
"ms4004","hogbadger",0
"ms4005","hogbadger",0
"ms4006","hogbadger",0
"ms5001","hogbadger",0
"ms5002","hogbadger",0
"ms5004","hogbadger",0
"nbh1001","hogbadger",0
"nbh1004","hogbadger",0
"nbh1005","hogbadger",0
"nbh1007","hogbadger",0
"nbh1009","hogbadger",0
"nbh1012","hogbadger",0
"nbh1013","hogbadger",0
"nbh2004","hogbadger",0
"nbh2007","hogbadger",2
"nbh2008","hogbadger",0
"nbh2010","hogbadger",0
"nbh3005","hogbadger",0
"nbh4001","hogbadger",0
"nbh4002","hogbadger",0
"nbh4003","hogbadger",0
"nbh4006","hogbadger",0
"nbh4010","hogbadger",2
"nbh4011","hogbadger",0
"nbh5001","hogbadger",0
"nbh5002","hogbadger",0
"nbh5003","hogbadger",0
"nbh5005","hogbadger",2
"ml1001","goral",0
"ml1003","goral",0
"ml1005","goral",0
"ml1006","goral",0
"ml1007","goral",0
"ml1008","goral",0
"ml1009","goral",0
"ml1011","goral",0
"ml1012","goral",0
"ml1013","goral",0
"ml1014","goral",0
"ml1015","goral",0
"ml1016","goral",0
"ml1017","goral",0
"ml1018","goral",0
"ml1019","goral",0
"ml1020","goral",0
"ml1021","goral",0
"ml1022","goral",0
"ml1023","goral",0
"ml1024","goral",0
"ml1025","goral",0
"ml1026","goral",0
"ml1027","goral",0
"ml1028","goral",0
"ml2001","goral",0
"ml2002","goral",0
"ml2003","goral",0
"ml2004","goral",0
"ml2005","goral",0
"ml2006","goral",0
"ml2007","goral",0
"ml3001","goral",0
"ml3003","goral",0
"ml3004","goral",0
"ml3006","goral",0
"mg1001","goral",0
"mg1002","goral",0
"mg1003","goral",0
"mg1004","goral",0
"mg1005","goral",0
"mg1006","goral",0
"mg2001","goral",0
"mg2002","goral",0
"mg2003","goral",0
"mg2004","goral",0
"mg2005","goral",0
"mg2006","goral",0
"mg2007","goral",0
"lsl1001","goral",0
"lsl1004","goral",0
"lsl1005","goral",0
"lsl1006","goral",0
"lsl2001","goral",0
"lsl2002","goral",0
"lsl2003","goral",0
"lsl2004","goral",0
"lsl2005","goral",0
"lsl2006","goral",0
"bls1001","goral",0
"bls1002","goral",0
"bls1003","goral",0
"bls1004","goral",0
"bls1005","goral",0
"bls2001","goral",0
"bls2002","goral",0
"bls2003","goral",0
"bls2004","goral",0
"bls2005","goral",0
"bls2006","goral",0
"bls2008","goral",0
"bls3001","goral",0
"bls3004","goral",0
"bls3005","goral",0
"bls3006","goral",0
"bls3007","goral",0
"bls3008","goral",0
"bls3009","goral",0
"bls3010","goral",0
"bls6001","goral",0
"bls6002","goral",0
"bls6004","goral",0
"bls7001","goral",0
"bls7003","goral",0
"ms4001","goral",0
"ms4002","goral",0
"ms4003","goral",0
"ms4004","goral",0
"ms4005","goral",0
"ms4006","goral",0
"ms5001","goral",0
"ms5002","goral",0
"ms5004","goral",0
"nbh1001","goral",0
"nbh1004","goral",0
"nbh1005","goral",0
"nbh1007","goral",0
"nbh1009","goral",0
"nbh1012","goral",0
"nbh1013","goral",0
"nbh2004","goral",0
"nbh2007","goral",0
"nbh2008","goral",0
"nbh2010","goral",0
"nbh3005","goral",0
"nbh4001","goral",0
"nbh4002","goral",0
"nbh4003","goral",0
"nbh4006","goral",0
"nbh4010","goral",0
"nbh4011","goral",0
"nbh5001","goral",13
"nbh5002","goral",3
"nbh5003","goral",0
"nbh5005","goral",0
